Name,Temperature(degree),Dew point(degree),Humidity(%),Wind Speed(Km/h)
 Jan ,"[[' Max ', ' Avg ', ' Min ']]","[[' Max ', ' Avg ', ' Min ']]","[[' Max ', ' Avg ', ' Min ']]","[[' Max ', ' Avg ', ' Min ']]"
1,"[20.0, 11.4, 6.0]","[11.0, 7.5, 4.0]","[97.0, 80.0, 52.0]","[7.0, 2.9, 0.0]"
2,"[20.0, 12.1, 7.0]","[11.0, 8.4, 6.0]","[97.0, 80.5, 46.0]","[7.0, 2.1, 0.0]"
3,"[21.0, 13.4, 7.0]","[12.0, 8.6, 6.0]","[97.0, 77.1, 43.0]","[9.0, 2.1, 0.0]"
4,"[23.0, 15.6, 9.0]","[12.0, 10.1, 8.0]","[95.0, 74.6, 42.0]","[7.0, 2.4, 0.0]"
5,"[15.0, 12.9, 12.0]","[14.0, 12.5, 11.0]","[96.0, 95.4, 93.0]","[9.0, 3.5, 0.0]"
6,"[20.0, 16.1, 13.0]","[14.0, 13.0, 12.0]","[97.0, 84.3, 64.0]","[11.0, 6.9, 0.0]"
7,"[19.0, 16.6, 13.0]","[16.0, 14.4, 13.0]","[98.0, 87.4, 76.0]","[15.0, 10.3, 7.0]"
8,"[16.0, 15.6, 14.0]","[16.0, 15.5, 14.0]","[100.0, 99.4, 97.0]","[15.0, 9.0, 7.0]"
9,"[14.0, 13.4, 12.0]","[14.0, 12.8, 11.0]","[100.0, 97.1, 93.0]","[15.0, 7.8, 0.0]"
10,"[17.0, 12.4, 9.0]","[11.0, 9.9, 8.0]","[97.0, 86.3, 66.0]","[9.0, 2.5, 0.0]"
11,"[17.0, 11.8, 8.0]","[11.0, 9.4, 8.0]","[100.0, 85.3, 61.0]","[15.0, 6.0, 0.0]"
12,"[17.0, 11.5, 8.0]","[9.0, 8.4, 8.0]","[100.0, 83.3, 59.0]","[11.0, 4.0, 0.0]"
13,"[16.0, 10.9, 7.0]","[12.0, 9.1, 7.0]","[100.0, 89.8, 69.0]","[0.0, 0.0, 0.0]"
14,"[15.0, 10.5, 7.0]","[11.0, 9.0, 6.0]","[97.0, 90.4, 77.0]","[6.0, 1.3, 0.0]"
15,"[14.0, 10.4, 8.0]","[10.0, 8.5, 7.0]","[100.0, 90.1, 71.0]","[7.0, 4.1, 0.0]"
16,"[15.0, 11.1, 8.0]","[9.0, 8.1, 7.0]","[95.0, 82.4, 63.0]","[7.0, 4.3, 0.0]"
17,"[15.0, 11.0, 9.0]","[10.0, 8.3, 7.0]","[95.0, 83.5, 62.0]","[7.0, 5.1, 0.0]"
18,"[15.0, 10.9, 9.0]","[9.0, 8.0, 7.0]","[97.0, 85.3, 63.0]","[15.0, 6.1, 0.0]"
19,"[18.0, 12.3, 8.0]","[11.0, 9.4, 8.0]","[97.0, 84.1, 60.0]","[11.0, 2.4, 0.0]"
20,"[18.0, 12.5, 9.0]","[12.0, 10.9, 9.0]","[100.0, 89.3, 66.0]","[7.0, 3.8, 0.0]"
21,"[19.0, 13.6, 9.0]","[12.0, 10.8, 8.0]","[100.0, 84.1, 60.0]","[9.0, 3.6, 0.0]"
22,"[14.0, 12.8, 12.0]","[12.0, 12.0, 12.0]","[100.0, 93.0, 84.0]","[15.0, 8.3, 4.0]"
23,"[14.0, 11.9, 9.0]","[12.0, 10.6, 9.0]","[100.0, 92.3, 79.0]","[9.0, 2.8, 0.0]"
24,"[14.0, 10.6, 7.0]","[10.0, 9.0, 7.0]","[100.0, 89.5, 74.0]","[4.0, 1.0, 0.0]"
25,"[14.0, 9.8, 6.0]","[9.0, 7.9, 6.0]","[97.0, 88.5, 69.0]","[11.0, 5.6, 0.0]"
26,"[16.0, 11.4, 8.0]","[10.0, 9.0, 8.0]","[97.0, 85.6, 64.0]","[11.0, 4.6, 0.0]"
27,"[18.0, 12.4, 7.0]","[10.0, 8.4, 6.0]","[97.0, 79.9, 53.0]","[15.0, 7.8, 4.0]"
28,"[19.0, 12.1, 8.0]","[8.0, 6.0, 3.0]","[97.0, 71.4, 35.0]","[19.0, 7.3, 0.0]"
29,"[22.0, 12.8, 6.0]","[9.0, 6.8, 4.0]","[97.0, 72.9, 33.0]","[17.0, 5.1, 0.0]"
30,"[21.0, 14.5, 8.0]","[11.0, 8.9, 7.0]","[95.0, 71.9, 42.0]","[19.0, 8.6, 0.0]"
31,"[21.0, 14.1, 7.0]","[13.0, 10.6, 6.0]","[95.0, 81.1, 57.0]","[13.0, 5.0, 0.0]"
 Feb ,"[[' Max ', ' Avg ', ' Min ']]","[[' Max ', ' Avg ', ' Min ']]","[[' Max ', ' Avg ', ' Min ']]","[[' Max ', ' Avg ', ' Min ']]"
1,"[21.0, 15.0, 8.0]","[13.0, 11.3, 8.0]","[97.0, 80.6, 53.0]","[11.0, 6.6, 0.0]"
2,"[20.0, 13.5, 6.0]","[13.0, 11.4, 9.0]","[95.0, 73.0, 0.0]","[15.0, 9.1, 0.0]"
3,"[14.0, 12.6, 11.0]","[12.0, 10.4, 9.0]","[96.0, 87.8, 74.0]","[15.0, 12.8, 7.0]"
4,"[16.0, 12.5, 10.0]","[11.0, 9.9, 9.0]","[97.0, 84.3, 62.0]","[11.0, 4.9, 0.0]"
5,"[18.0, 12.0, 8.0]","[9.0, 8.1, 6.0]","[100.0, 79.8, 46.0]","[7.0, 1.8, 0.0]"
6,"[23.0, 13.4, 6.0]","[11.0, 7.6, 3.0]","[97.0, 74.3, 29.0]","[11.0, 2.1, 0.0]"
7,"[26.0, 17.9, 9.0]","[15.0, 11.9, 9.0]","[97.0, 71.8, 36.0]","[7.0, 3.4, 0.0]"
8,"[26.0, 18.3, 13.0]","[15.0, 13.3, 11.0]","[96.0, 76.4, 45.0]","[7.0, 2.1, 0.0]"
9,"[21.0, 15.6, 12.0]","[13.0, 12.3, 11.0]","[100.0, 82.3, 53.0]","[11.0, 5.4, 0.0]"
10,"[22.0, 14.5, 10.0]","[12.0, 9.5, 8.0]","[97.0, 75.5, 41.0]","[19.0, 6.8, 0.0]"
11,"[22.0, 15.1, 9.0]","[10.0, 8.0, 4.0]","[95.0, 67.8, 32.0]","[19.0, 7.8, 0.0]"
12,"[23.0, 15.5, 11.0]","[10.0, 7.4, 3.0]","[95.0, 65.0, 28.0]","[15.0, 5.8, 0.0]"
13,"[26.0, 16.8, 8.0]","[11.0, 8.8, 7.0]","[97.0, 65.5, 32.0]","[7.0, 3.3, 0.0]"
14,"[27.0, 17.3, 9.0]","[14.0, 10.0, 6.0]","[92.0, 68.8, 27.0]","[11.0, 2.5, 0.0]"
15,"[26.0, 18.1, 10.0]","[14.0, 10.0, 6.0]","[92.0, 66.1, 28.0]","[7.0, 1.9, 0.0]"
16,"[26.0, 17.1, 11.0]","[13.0, 10.8, 9.0]","[95.0, 71.8, 35.0]","[9.0, 2.5, 0.0]"
17,"[26.0, 17.3, 11.0]","[12.0, 9.4, 5.0]","[93.0, 66.8, 28.0]","[7.0, 3.8, 0.0]"
18,"[28.0, 18.6, 10.0]","[13.0, 9.4, 3.0]","[97.0, 63.5, 20.0]","[7.0, 2.9, 0.0]"
19,"[25.0, 18.1, 12.0]","[12.0, 9.4, 5.0]","[91.0, 61.9, 28.0]","[11.0, 5.1, 0.0]"
20,"[23.0, 17.0, 13.0]","[12.0, 11.1, 8.0]","[93.0, 70.0, 38.0]","[19.0, 10.8, 6.0]"
21,"[26.0, 17.1, 12.0]","[11.0, 7.3, 3.0]","[91.0, 60.8, 23.0]","[15.0, 5.1, 0.0]"
22,"[26.0, 19.3, 11.0]","[12.0, 10.8, 9.0]","[92.0, 61.6, 36.0]","[19.0, 12.6, 6.0]"
23,"[23.0, 18.8, 16.0]","[17.0, 15.0, 13.0]","[91.0, 78.9, 62.0]","[15.0, 6.4, 0.0]"
24,"[26.0, 18.6, 14.0]","[14.0, 12.5, 9.0]","[93.0, 72.0, 37.0]","[17.0, 4.5, 0.0]"
25,"[27.0, 19.3, 13.0]","[14.0, 13.1, 12.0]","[96.0, 72.6, 44.0]","[13.0, 5.3, 0.0]"
26,"[23.0, 18.1, 15.0]","[14.0, 12.3, 11.0]","[94.0, 70.5, 51.0]","[26.0, 12.0, 0.0]"
27,"[24.0, 18.1, 13.0]","[13.0, 11.5, 10.0]","[93.0, 68.0, 40.0]","[13.0, 4.1, 0.0]"
28,"[24.0, 18.0, 13.0]","[12.0, 8.9, 6.0]","[93.0, 59.7, 29.0]","[9.0, 5.3, 0.0]"
 Mar ,"[[' Max ', ' Avg ', ' Min ']]","[[' Max ', ' Avg ', ' Min ']]","[[' Max ', ' Avg ', ' Min ']]","[[' Max ', ' Avg ', ' Min ']]"
1,"[25.0, 17.8, 11.0]","[14.0, 11.0, 9.0]","[95.0, 69.8, 37.0]","[7.0, 3.5, 0.0]"
2,"[26.0, 18.4, 12.0]","[14.0, 12.1, 9.0]","[96.0, 72.8, 35.0]","[9.0, 4.0, 0.0]"
3,"[28.0, 21.9, 16.0]","[16.0, 13.9, 9.0]","[87.0, 63.8, 31.0]","[7.0, 2.9, 0.0]"
4,"[25.0, 19.9, 16.0]","[14.0, 13.6, 13.0]","[90.0, 69.9, 46.0]","[15.0, 8.0, 4.0]"
5,"[26.0, 19.3, 14.0]","[15.0, 12.8, 10.0]","[89.0, 69.8, 38.0]","[15.0, 8.1, 0.0]"
6,"[27.0, 20.1, 14.0]","[16.0, 14.3, 12.0]","[88.0, 70.6, 40.0]","[11.0, 3.3, 0.0]"
7,"[28.0, 21.5, 16.0]","[16.0, 14.4, 12.0]","[94.0, 68.0, 35.0]","[9.0, 3.0, 0.0]"
8,"[30.0, 21.5, 16.0]","[16.0, 13.9, 12.0]","[91.0, 67.0, 33.0]","[11.0, 4.6, 0.0]"
9,"[31.0, 22.6, 15.0]","[14.0, 11.6, 6.0]","[91.0, 56.8, 24.0]","[11.0, 5.5, 0.0]"
10,"[29.0, 22.1, 18.0]","[16.0, 14.1, 11.0]","[86.0, 64.1, 32.0]","[22.0, 6.9, 0.0]"
11,"[23.0, 19.4, 16.0]","[16.0, 14.4, 13.0]","[91.0, 73.6, 60.0]","[7.0, 4.2, 0.0]"
12,"[30.0, 22.8, 17.0]","[16.0, 14.4, 13.0]","[86.0, 62.5, 34.0]","[17.0, 8.8, 0.0]"
13,"[31.0, 23.6, 17.0]","[18.0, 16.1, 14.0]","[90.0, 66.4, 36.0]","[15.0, 5.4, 0.0]"
14,"[32.0, 24.9, 18.0]","[21.0, 18.1, 16.0]","[94.0, 70.6, 37.0]","[11.0, 3.9, 0.0]"
15,"[33.0, 27.1, 19.0]","[21.0, 18.9, 16.0]","[92.0, 64.0, 35.0]","[13.0, 3.8, 0.0]"
16,"[34.0, 27.6, 23.0]","[21.0, 18.6, 15.0]","[88.0, 61.0, 31.0]","[24.0, 10.6, 0.0]"
17,"[34.0, 27.8, 21.0]","[23.0, 20.1, 18.0]","[88.0, 66.9, 38.0]","[7.0, 3.5, 0.0]"
18,"[34.0, 27.5, 22.0]","[22.0, 20.8, 20.0]","[91.0, 68.9, 44.0]","[15.0, 5.5, 0.0]"
19,"[36.0, 28.1, 20.0]","[23.0, 20.9, 19.0]","[95.0, 68.0, 39.0]","[11.0, 3.4, 0.0]"
20,"[37.0, 28.3, 22.0]","[22.0, 16.8, 11.0]","[91.0, 57.4, 20.0]","[11.0, 4.1, 0.0]"
21,"[36.0, 27.9, 21.0]","[22.0, 18.6, 13.0]","[86.0, 61.0, 28.0]","[11.0, 5.3, 0.0]"
22,"[34.0, 27.6, 23.0]","[18.0, 15.8, 11.0]","[73.0, 52.1, 24.0]","[17.0, 8.9, 0.0]"
23,"[35.0, 27.3, 19.0]","[18.0, 15.8, 11.0]","[83.0, 52.9, 24.0]","[11.0, 4.9, 0.0]"
24,"[35.0, 26.9, 22.0]","[19.0, 15.0, 9.0]","[80.0, 54.9, 21.0]","[20.0, 5.3, 0.0]"
25,"[34.0, 26.4, 20.0]","[18.0, 15.6, 11.0]","[89.0, 57.1, 23.0]","[15.0, 9.3, 4.0]"
26,"[34.0, 27.4, 20.0]","[17.0, 13.0, 9.0]","[83.0, 46.5, 22.0]","[22.0, 12.8, 6.0]"
27,"[36.0, 28.1, 21.0]","[17.0, 13.6, 9.0]","[68.0, 44.9, 21.0]","[15.0, 6.5, 0.0]"
28,"[38.0, 28.5, 21.0]","[17.0, 14.1, 8.0]","[77.0, 48.5, 16.0]","[15.0, 4.6, 0.0]"
29,"[38.0, 28.1, 19.0]","[17.0, 13.3, 7.0]","[79.0, 47.1, 14.0]","[13.0, 4.5, 0.0]"
30,"[38.0, 28.5, 20.0]","[18.0, 15.6, 9.0]","[78.0, 52.1, 17.0]","[11.0, 3.0, 0.0]"
31,"[38.0, 30.3, 21.0]","[19.0, 16.7, 14.0]","[80.0, 49.0, 28.0]","[15.0, 5.0, 0.0]"
 Apr ,"[[' Max ', ' Avg ', ' Min ']]","[[' Max ', ' Avg ', ' Min ']]","[[' Max ', ' Avg ', ' Min ']]","[[' Max ', ' Avg ', ' Min ']]"
1,"[36.0, 27.9, 22.0]","[18.0, 12.6, 7.0]","[70.0, 43.9, 17.0]","[13.0, 5.6, 0.0]"
2,"[38.0, 28.0, 18.0]","[18.0, 13.8, 8.0]","[70.0, 47.0, 18.0]","[11.0, 3.0, 0.0]"
3,"[38.0, 28.3, 20.0]","[16.0, 12.5, 6.0]","[69.0, 44.6, 13.0]","[7.0, 4.0, 0.0]"
4,"[37.0, 28.4, 20.0]","[16.0, 12.1, 9.0]","[66.0, 41.9, 18.0]","[17.0, 6.5, 0.0]"
5,"[38.0, 28.5, 19.0]","[15.0, 11.8, 6.0]","[72.0, 41.5, 15.0]","[15.0, 5.0, 0.0]"
6,"[38.0, 28.8, 20.0]","[16.0, 12.3, 8.0]","[71.0, 41.9, 15.0]","[15.0, 5.0, 0.0]"
7,"[39.0, 29.5, 20.0]","[17.0, 13.0, 9.0]","[67.0, 42.5, 16.0]","[15.0, 4.6, 0.0]"
8,"[41.0, 30.4, 21.0]","[17.0, 12.8, 8.0]","[65.0, 41.1, 14.0]","[11.0, 4.6, 0.0]"
9,"[41.0, 31.0, 21.0]","[17.0, 13.1, 7.0]","[70.0, 39.9, 13.0]","[13.0, 3.8, 0.0]"
10,"[41.0, 31.8, 24.0]","[20.0, 14.6, 9.0]","[71.0, 40.5, 15.0]","[11.0, 3.6, 0.0]"
11,"[42.0, 31.5, 23.0]","[18.0, 14.5, 10.0]","[67.0, 41.1, 15.0]","[15.0, 5.8, 0.0]"
12,"[38.0, 30.4, 23.0]","[19.0, 14.5, 8.0]","[72.0, 43.1, 20.0]","[15.0, 4.6, 0.0]"
13,"[40.0, 31.1, 22.0]","[19.0, 15.0, 9.0]","[76.0, 42.5, 16.0]","[15.0, 6.0, 0.0]"
14,"[38.0, 31.4, 27.0]","[15.0, 13.3, 11.0]","[48.0, 35.0, 19.0]","[17.0, 10.1, 0.0]"
15,"[38.0, 30.9, 25.0]","[18.0, 15.8, 13.0]","[63.0, 43.1, 23.0]","[7.0, 3.1, 0.0]"
16,"[39.0, 30.6, 23.0]","[18.0, 15.5, 12.0]","[70.0, 44.3, 21.0]","[9.0, 2.9, 0.0]"
17,"[40.0, 31.6, 23.0]","[18.0, 15.9, 13.0]","[67.0, 42.1, 20.0]","[9.0, 4.1, 0.0]"
18,"[41.0, 31.9, 23.0]","[20.0, 16.5, 12.0]","[73.0, 45.1, 18.0]","[7.0, 2.5, 0.0]"
19,"[42.0, 32.5, 24.0]","[18.0, 14.1, 9.0]","[69.0, 37.9, 14.0]","[15.0, 8.0, 0.0]"
20,"[41.0, 32.9, 27.0]","[16.0, 14.0, 10.0]","[48.0, 34.0, 16.0]","[17.0, 7.1, 0.0]"
21,"[34.0, 29.9, 25.0]","[17.0, 14.4, 10.0]","[58.0, 41.0, 23.0]","[15.0, 7.0, 0.0]"
22,"[38.0, 30.0, 24.0]","[18.0, 15.6, 13.0]","[63.0, 44.9, 24.0]","[7.0, 2.9, 0.0]"
23,"[38.0, 29.9, 21.0]","[17.0, 13.9, 9.0]","[67.0, 41.9, 17.0]","[13.0, 4.3, 0.0]"
24,"[38.0, 31.5, 23.0]","[15.0, 11.6, 7.0]","[62.0, 32.9, 15.0]","[19.0, 10.4, 0.0]"
25,"[40.0, 31.9, 23.0]","[14.0, 12.9, 11.0]","[58.0, 33.8, 18.0]","[19.0, 11.4, 6.0]"
26,"[39.0, 31.6, 24.0]","[18.0, 14.5, 11.0]","[64.0, 38.8, 18.0]","[7.0, 3.6, 0.0]"
27,"[41.0, 31.9, 23.0]","[17.0, 13.8, 8.0]","[68.0, 38.9, 14.0]","[15.0, 5.4, 0.0]"
28,"[43.0, 32.6, 22.0]","[20.0, 16.1, 12.0]","[72.0, 42.3, 16.0]","[15.0, 5.4, 0.0]"
29,"[43.0, 34.1, 27.0]","[17.0, 12.4, 8.0]","[48.0, 30.4, 12.0]","[15.0, 6.6, 0.0]"
30,"[43.0, 34.7, 26.0]","[18.0, 13.3, 9.0]","[56.0, 32.0, 13.0]","[11.0, 5.4, 0.0]"
 May ,"[[' Max ', ' Avg ', ' Min ']]","[[' Max ', ' Avg ', ' Min ']]","[[' Max ', ' Avg ', ' Min ']]","[[' Max ', ' Avg ', ' Min ']]"
1,"[39.0, 33.0, 28.0]","[23.0, 19.0, 13.0]","[62.0, 44.3, 35.0]","[11.0, 8.4, 6.0]"
2,"[39.0, 33.4, 28.0]","[22.0, 21.5, 19.0]","[68.0, 51.4, 31.0]","[11.0, 8.9, 6.0]"
3,"[37.0, 32.9, 29.0]","[23.0, 22.3, 20.0]","[68.0, 54.6, 37.0]","[7.0, 6.0, 4.0]"
4,"[37.0, 29.8, 23.0]","[24.0, 20.9, 18.0]","[78.0, 59.4, 37.0]","[15.0, 10.5, 7.0]"
5,"[36.0, 29.6, 23.0]","[22.0, 20.3, 19.0]","[81.0, 59.8, 38.0]","[9.0, 4.8, 0.0]"
6,"[38.0, 31.9, 25.0]","[22.0, 19.5, 17.0]","[80.0, 49.5, 36.0]","[19.0, 4.0, 0.0]"
7,"[39.0, 31.8, 27.0]","[21.0, 19.8, 17.0]","[70.0, 52.1, 28.0]","[11.0, 3.3, 0.0]"
8,"[39.0, 34.3, 29.0]","[23.0, 21.3, 20.0]","[61.0, 48.0, 32.0]","[11.0, 8.2, 6.0]"
9,"[39.0, 33.3, 28.0]","[23.0, 22.1, 22.0]","[69.0, 52.8, 36.0]","[17.0, 8.0, 0.0]"
10,"[39.0, 33.8, 29.0]","[24.0, 22.6, 22.0]","[63.0, 52.9, 37.0]","[11.0, 7.9, 0.0]"
11,"[40.0, 34.4, 29.0]","[24.0, 23.1, 22.0]","[67.0, 53.3, 39.0]","[7.0, 6.5, 4.0]"
12,"[41.0, 35.9, 30.0]","[24.0, 22.7, 21.0]","[69.0, 48.6, 31.0]","[11.0, 7.9, 6.0]"
13,"[41.0, 33.4, 25.0]","[25.0, 22.9, 20.0]","[98.0, 58.4, 29.0]","[9.0, 5.3, 0.0]"
14,"[43.0, 37.0, 25.0]","[26.0, 17.3, 11.0]","[62.0, 24.7, 0.0]","[19.0, 5.9, 0.0]"
15,"[45.0, 35.9, 27.0]","[22.0, 17.0, 10.0]","[58.0, 36.9, 12.0]","[20.0, 6.1, 0.0]"
16,"[41.0, 36.7, 31.0]","[19.0, 12.7, 8.0]","[51.0, 26.1, 15.0]","[19.0, 13.3, 0.0]"
17,"[40.0, 34.8, 28.0]","[21.0, 19.2, 17.0]","[57.0, 41.5, 26.0]","[9.0, 7.3, 7.0]"
18,"[39.0, 34.8, 30.0]","[21.0, 17.6, 12.0]","[49.0, 37.0, 26.0]","[15.0, 8.9, 6.0]"
19,"[42.0, 35.1, 28.0]","[23.0, 20.5, 15.0]","[65.0, 45.4, 21.0]","[13.0, 3.9, 0.0]"
20,"[44.0, 36.5, 29.0]","[24.0, 17.6, 12.0]","[71.0, 38.1, 15.0]","[11.0, 7.5, 0.0]"
21,"[42.0, 33.4, 25.0]","[20.0, 16.1, 12.0]","[75.0, 40.3, 20.0]","[28.0, 11.8, 6.0]"
22,"[38.0, 32.4, 24.0]","[20.0, 18.4, 16.0]","[77.0, 45.4, 30.0]","[15.0, 7.9, 0.0]"
23,"[30.0, 24.1, 18.0]","[21.0, 19.4, 17.0]","[98.0, 77.3, 53.0]","[26.0, 15.0, 9.0]"
24,"[31.0, 26.5, 19.0]","[22.0, 20.9, 18.0]","[94.0, 72.4, 55.0]","[9.0, 5.6, 0.0]"
25,"[33.0, 28.3, 24.0]","[23.0, 21.5, 19.0]","[91.0, 67.5, 44.0]","[9.0, 4.1, 0.0]"
26,"[36.0, 30.6, 23.0]","[22.0, 21.1, 18.0]","[90.0, 58.6, 36.0]","[7.0, 3.3, 0.0]"
27,"[38.0, 31.6, 26.0]","[23.0, 19.9, 17.0]","[78.0, 52.0, 34.0]","[22.0, 9.1, 0.0]"
28,"[39.0, 34.6, 28.0]","[25.0, 22.3, 19.0]","[64.0, 49.5, 36.0]","[7.0, 6.5, 6.0]"
29,"[40.0, 33.3, 29.0]","[26.0, 21.3, 19.0]","[65.0, 50.6, 31.0]","[15.0, 8.9, 4.0]"
30,"[39.0, 28.5, 23.0]","[24.0, 23.0, 22.0]","[100.0, 75.8, 39.0]","[15.0, 6.3, 0.0]"
31,"[38.0, 33.1, 26.0]","[24.0, 22.3, 20.0]","[83.0, 55.6, 34.0]","[7.0, 3.0, 0.0]"
 Jun ,"[[' Max ', ' Avg ', ' Min ']]","[[' Max ', ' Avg ', ' Min ']]","[[' Max ', ' Avg ', ' Min ']]","[[' Max ', ' Avg ', ' Min ']]"
1,"[41.0, 34.4, 26.0]","[24.0, 17.9, 14.0]","[89.0, 41.4, 21.0]","[11.0, 5.8, 0.0]"
2,"[41.0, 34.4, 28.0]","[22.0, 19.3, 16.0]","[61.0, 43.0, 23.0]","[7.0, 3.0, 0.0]"
3,"[42.0, 35.4, 26.0]","[21.0, 15.3, 7.0]","[65.0, 34.6, 12.0]","[15.0, 5.4, 0.0]"
4,"[43.0, 35.0, 29.0]","[21.0, 15.6, 8.0]","[60.0, 36.8, 12.0]","[17.0, 4.9, 0.0]"
5,"[43.0, 36.0, 30.0]","[21.0, 14.4, 10.0]","[58.0, 30.6, 14.0]","[19.0, 8.4, 0.0]"
6,"[43.0, 35.0, 28.0]","[21.0, 16.1, 11.0]","[67.0, 37.0, 16.0]","[15.0, 5.1, 0.0]"
7,"[43.0, 37.0, 31.0]","[17.0, 14.1, 11.0]","[38.0, 27.0, 16.0]","[24.0, 14.0, 7.0]"
8,"[43.0, 35.5, 29.0]","[22.0, 15.0, 10.0]","[59.0, 32.8, 14.0]","[24.0, 13.3, 0.0]"
9,"[42.0, 36.5, 29.0]","[22.0, 16.8, 14.0]","[51.0, 32.0, 19.0]","[15.0, 6.9, 0.0]"
10,"[43.0, 36.0, 31.0]","[19.0, 16.4, 12.0]","[41.0, 33.1, 16.0]","[26.0, 12.9, 6.0]"
11,"[43.0, 37.3, 31.0]","[18.0, 14.8, 11.0]","[33.0, 26.6, 15.0]","[24.0, 12.3, 0.0]"
12,"[43.0, 37.4, 33.0]","[21.0, 15.9, 13.0]","[41.0, 29.0, 19.0]","[22.0, 12.3, 0.0]"
13,"[42.0, 37.0, 33.0]","[19.0, 17.9, 16.0]","[42.0, 33.1, 21.0]","[17.0, 13.5, 7.0]"
14,"[39.0, 34.6, 32.0]","[21.0, 19.9, 18.0]","[48.0, 41.5, 34.0]","[26.0, 17.4, 11.0]"
15,"[42.0, 36.4, 31.0]","[22.0, 20.3, 19.0]","[53.0, 39.8, 27.0]","[22.0, 16.1, 7.0]"
16,"[38.0, 32.6, 27.0]","[24.0, 21.9, 21.0]","[84.0, 54.5, 36.0]","[15.0, 9.0, 6.0]"
17,"[32.0, 27.4, 25.0]","[26.0, 23.5, 22.0]","[96.0, 80.3, 57.0]","[15.0, 10.8, 7.0]"
18,"[32.0, 28.5, 26.0]","[24.0, 24.0, 24.0]","[92.0, 76.9, 62.0]","[15.0, 8.5, 6.0]"
19,"[30.0, 27.4, 24.0]","[24.0, 22.8, 22.0]","[96.0, 75.3, 65.0]","[11.0, 4.5, 0.0]"
20,"[32.0, 29.0, 25.0]","[25.0, 22.3, 20.0]","[80.0, 67.8, 49.0]","[15.0, 6.9, 0.0]"
21,"[33.0, 29.1, 26.0]","[24.0, 23.0, 22.0]","[84.0, 70.6, 54.0]","[11.0, 6.9, 6.0]"
22,"[36.0, 30.3, 26.0]","[26.0, 23.6, 21.0]","[81.0, 67.5, 56.0]","[15.0, 5.3, 0.0]"
23,"[37.0, 32.6, 26.0]","[24.0, 22.6, 21.0]","[82.0, 57.3, 40.0]","[15.0, 6.1, 0.0]"
24,"[38.0, 33.0, 28.0]","[23.0, 21.3, 20.0]","[67.0, 50.9, 40.0]","[9.0, 5.1, 0.0]"
25,"[39.0, 33.0, 26.0]","[24.0, 21.8, 21.0]","[73.0, 52.5, 35.0]","[11.0, 4.3, 0.0]"
26,"[40.0, 34.4, 29.0]","[26.0, 25.8, 25.0]","[77.0, 61.1, 44.0]","[15.0, 8.0, 4.0]"
27,"[40.0, 35.9, 31.0]","[28.0, 26.1, 25.0]","[72.0, 57.4, 45.0]","[11.0, 7.5, 0.0]"
28,"[40.0, 35.4, 31.0]","[28.0, 26.5, 25.0]","[73.0, 60.8, 44.0]","[11.0, 6.6, 0.0]"
29,"[40.0, 34.6, 30.0]","[27.0, 25.3, 23.0]","[78.0, 60.3, 41.0]","[15.0, 9.6, 4.0]"
30,"[29.0, 26.6, 24.0]","[26.0, 24.9, 24.0]","[100.0, 89.7, 79.0]","[15.0, 7.6, 0.0]"
 Jul ,"[[' Max ', ' Avg ', ' Min ']]","[[' Max ', ' Avg ', ' Min ']]","[[' Max ', ' Avg ', ' Min ']]","[[' Max ', ' Avg ', ' Min ']]"
1,"[31.0, 28.0, 26.0]","[27.0, 25.9, 25.0]","[98.0, 87.4, 79.0]","[9.0, 3.5, 0.0]"
2,"[33.0, 30.7, 27.0]","[27.0, 26.0, 25.0]","[92.0, 75.9, 63.0]","[15.0, 8.3, 6.0]"
3,"[35.0, 31.0, 27.0]","[27.0, 25.8, 24.0]","[83.0, 73.4, 62.0]","[11.0, 6.6, 0.0]"
4,"[35.0, 32.3, 28.0]","[28.0, 27.0, 26.0]","[89.0, 73.8, 62.0]","[11.0, 4.3, 0.0]"
5,"[37.0, 33.5, 30.0]","[28.0, 26.9, 26.0]","[88.0, 68.6, 54.0]","[9.0, 4.9, 0.0]"
6,"[38.0, 34.0, 30.0]","[28.0, 27.0, 26.0]","[82.0, 67.4, 52.0]","[13.0, 9.1, 6.0]"
7,"[37.0, 34.1, 31.0]","[28.0, 26.6, 26.0]","[82.0, 64.9, 51.0]","[11.0, 8.4, 4.0]"
8,"[38.0, 34.5, 31.0]","[26.0, 25.8, 25.0]","[74.0, 61.3, 49.0]","[15.0, 6.8, 0.0]"
9,"[34.0, 30.8, 28.0]","[27.0, 25.4, 24.0]","[85.0, 73.4, 65.0]","[15.0, 8.9, 0.0]"
10,"[33.0, 30.4, 28.0]","[27.0, 26.1, 26.0]","[89.0, 76.4, 66.0]","[13.0, 6.0, 0.0]"
11,"[35.0, 31.5, 28.0]","[26.0, 25.5, 24.0]","[88.0, 71.6, 57.0]","[17.0, 4.4, 0.0]"
12,"[32.0, 29.3, 28.0]","[27.0, 26.5, 26.0]","[94.0, 84.9, 66.0]","[15.0, 4.6, 0.0]"
13,"[36.0, 31.4, 28.0]","[27.0, 26.6, 26.0]","[95.0, 76.5, 58.0]","[9.0, 4.3, 0.0]"
14,"[37.0, 31.9, 28.0]","[30.0, 26.5, 25.0]","[83.0, 73.0, 65.0]","[11.0, 7.0, 0.0]"
15,"[37.0, 32.9, 28.0]","[26.0, 25.5, 25.0]","[83.0, 65.1, 51.0]","[11.0, 9.3, 7.0]"
16,"[35.0, 28.0, 25.0]","[27.0, 25.8, 25.0]","[100.0, 87.9, 61.0]","[15.0, 5.0, 0.0]"
17,"[34.0, 30.3, 26.0]","[28.0, 27.0, 25.0]","[98.0, 84.0, 71.0]","[9.0, 4.5, 0.0]"
18,"[37.0, 33.1, 28.0]","[31.0, 28.6, 27.0]","[89.0, 77.4, 65.0]","[7.0, 3.6, 0.0]"
19,"[36.0, 31.4, 29.0]","[28.0, 27.5, 26.0]","[94.0, 80.8, 57.0]","[15.0, 6.3, 0.0]"
20,"[33.0, 27.6, 25.0]","[28.0, 26.3, 25.0]","[100.0, 91.9, 68.0]","[15.0, 5.9, 0.0]"
21,"[32.0, 29.4, 26.0]","[26.0, 25.6, 25.0]","[98.0, 81.6, 68.0]","[6.0, 2.3, 0.0]"
22,"[33.0, 29.0, 27.0]","[28.0, 27.1, 26.0]","[100.0, 90.0, 68.0]","[17.0, 4.9, 0.0]"
23,"[33.0, 29.9, 27.0]","[28.0, 26.5, 26.0]","[97.0, 82.9, 69.0]","[11.0, 8.8, 6.0]"
24,"[34.0, 30.3, 28.0]","[26.0, 26.0, 26.0]","[89.0, 78.1, 61.0]","[15.0, 6.8, 0.0]"
25,"[34.0, 30.4, 28.0]","[27.0, 26.0, 25.0]","[92.0, 77.4, 62.0]","[19.0, 9.3, 0.0]"
26,"[33.0, 29.8, 27.0]","[26.0, 26.0, 26.0]","[94.0, 78.8, 68.0]","[15.0, 8.5, 4.0]"
27,"[33.0, 30.0, 28.0]","[26.0, 26.0, 26.0]","[92.0, 79.0, 65.0]","[7.0, 6.1, 4.0]"
28,"[31.0, 27.8, 26.0]","[27.0, 25.9, 25.0]","[95.0, 90.0, 80.0]","[7.0, 3.9, 0.0]"
29,"[32.0, 27.6, 26.0]","[26.0, 25.4, 24.0]","[95.0, 88.6, 73.0]","[11.0, 5.9, 0.0]"
30,"[31.0, 27.9, 26.0]","[26.0, 25.5, 24.0]","[100.0, 87.5, 71.0]","[15.0, 4.5, 0.0]"
31,"[31.0, 28.9, 26.0]","[27.0, 25.7, 24.0]","[96.0, 83.7, 70.0]","[11.0, 3.6, 0.0]"
 Aug ,"[[' Max ', ' Avg ', ' Min ']]","[[' Max ', ' Avg ', ' Min ']]","[[' Max ', ' Avg ', ' Min ']]","[[' Max ', ' Avg ', ' Min ']]"
1,"[33.0, 29.6, 27.0]","[26.0, 25.6, 25.0]","[95.0, 79.1, 64.0]","[11.0, 8.1, 0.0]"
2,"[34.0, 31.3, 27.0]","[27.0, 25.9, 25.0]","[95.0, 72.8, 56.0]","[11.0, 4.6, 0.0]"
3,"[33.0, 30.5, 28.0]","[27.0, 26.1, 26.0]","[86.0, 78.1, 68.0]","[7.0, 3.5, 0.0]"
4,"[34.0, 29.6, 27.0]","[27.0, 26.3, 26.0]","[90.0, 82.5, 65.0]","[11.0, 5.3, 0.0]"
5,"[30.0, 28.0, 27.0]","[27.0, 26.8, 26.0]","[95.0, 92.0, 86.0]","[7.0, 3.1, 0.0]"
6,"[33.0, 30.3, 27.0]","[27.0, 26.6, 26.0]","[97.0, 80.9, 68.0]","[9.0, 3.5, 0.0]"
7,"[28.0, 27.0, 26.0]","[27.0, 26.1, 25.0]","[100.0, 92.5, 86.0]","[11.0, 4.6, 0.0]"
8,"[34.0, 30.5, 26.0]","[27.0, 26.1, 25.0]","[94.0, 76.8, 61.0]","[9.0, 2.5, 0.0]"
9,"[36.0, 32.4, 28.0]","[27.0, 26.9, 26.0]","[89.0, 72.6, 57.0]","[13.0, 4.6, 0.0]"
10,"[36.0, 32.6, 29.0]","[26.0, 25.9, 25.0]","[85.0, 70.1, 54.0]","[13.0, 8.1, 6.0]"
11,"[31.0, 29.0, 27.0]","[26.0, 24.5, 24.0]","[84.0, 78.1, 66.0]","[15.0, 9.4, 0.0]"
12,"[36.0, 31.9, 27.0]","[26.0, 24.9, 24.0]","[87.0, 68.0, 49.0]","[15.0, 8.8, 0.0]"
13,"[34.0, 31.0, 28.0]","[27.0, 26.1, 25.0]","[83.0, 73.9, 62.0]","[11.0, 6.3, 0.0]"
14,"[32.0, 28.5, 27.0]","[27.0, 25.9, 24.0]","[95.0, 85.5, 69.0]","[9.0, 7.4, 4.0]"
15,"[33.0, 29.8, 27.0]","[27.0, 25.8, 25.0]","[92.0, 79.1, 68.0]","[15.0, 8.4, 0.0]"
16,"[33.0, 28.8, 27.0]","[26.0, 24.9, 24.0]","[92.0, 81.1, 63.0]","[19.0, 13.3, 11.0]"
17,"[33.0, 29.6, 26.0]","[26.0, 25.1, 24.0]","[92.0, 77.9, 59.0]","[19.0, 11.0, 7.0]"
18,"[34.0, 31.1, 27.0]","[29.0, 27.0, 25.0]","[89.0, 78.6, 69.0]","[13.0, 7.9, 0.0]"
19,"[34.0, 31.3, 28.0]","[28.0, 26.3, 25.0]","[88.0, 75.8, 58.0]","[17.0, 9.0, 0.0]"
20,"[31.0, 29.6, 28.0]","[27.0, 26.1, 25.0]","[90.0, 80.5, 68.0]","[7.0, 5.0, 0.0]"
21,"[34.0, 30.9, 28.0]","[27.0, 26.3, 26.0]","[92.0, 76.6, 61.0]","[7.0, 3.3, 0.0]"
22,"[36.0, 31.8, 28.0]","[28.0, 26.9, 26.0]","[88.0, 75.8, 56.0]","[15.0, 9.9, 4.0]"
23,"[33.0, 30.4, 28.0]","[28.0, 26.4, 24.0]","[95.0, 79.1, 58.0]","[19.0, 12.3, 7.0]"
24,"[32.0, 29.3, 27.0]","[27.0, 25.9, 24.0]","[95.0, 82.3, 64.0]","[11.0, 8.3, 4.0]"
25,"[33.0, 29.8, 26.0]","[26.0, 24.9, 24.0]","[90.0, 76.8, 62.0]","[7.0, 3.4, 0.0]"
26,"[34.0, 31.0, 27.0]","[26.0, 25.1, 24.0]","[87.0, 71.0, 58.0]","[11.0, 6.3, 0.0]"
27,"[34.0, 30.6, 28.0]","[26.0, 24.5, 22.0]","[82.0, 69.9, 57.0]","[17.0, 11.6, 6.0]"
28,"[34.0, 30.6, 27.0]","[25.0, 23.5, 22.0]","[84.0, 67.0, 53.0]","[19.0, 8.1, 0.0]"
29,"[35.0, 29.5, 26.0]","[26.0, 24.1, 23.0]","[92.0, 74.8, 53.0]","[9.0, 5.1, 0.0]"
30,"[34.0, 30.3, 28.0]","[26.0, 25.9, 25.0]","[92.0, 76.8, 61.0]","[11.0, 2.9, 0.0]"
31,"[37.0, 32.1, 27.0]","[26.0, 24.3, 24.0]","[84.0, 65.3, 48.0]","[11.0, 6.9, 0.0]"
 Sep ,"[[' Max ', ' Avg ', ' Min ']]","[[' Max ', ' Avg ', ' Min ']]","[[' Max ', ' Avg ', ' Min ']]","[[' Max ', ' Avg ', ' Min ']]"
1,"[36.0, 32.0, 28.0]","[26.0, 24.0, 23.0]","[86.0, 64.1, 47.0]","[11.0, 5.6, 0.0]"
2,"[34.0, 30.3, 28.0]","[27.0, 26.2, 25.0]","[97.0, 79.2, 63.0]","[9.0, 4.5, 0.0]"
3,"[36.0, 32.0, 28.0]","[25.0, 22.8, 14.0]","[80.0, 59.4, 40.0]","[17.0, 10.0, 0.0]"
4,"[36.0, 32.0, 28.0]","[25.0, 23.6, 22.0]","[82.0, 62.5, 45.0]","[17.0, 7.4, 0.0]"
5,"[36.0, 31.4, 28.0]","[25.0, 23.3, 22.0]","[79.0, 63.1, 42.0]","[15.0, 6.5, 0.0]"
6,"[35.0, 31.1, 28.0]","[24.0, 23.5, 23.0]","[78.0, 64.9, 48.0]","[11.0, 6.3, 0.0]"
7,"[36.0, 31.9, 27.0]","[24.0, 23.5, 22.0]","[86.0, 62.1, 45.0]","[7.0, 2.5, 0.0]"
8,"[36.0, 31.9, 28.0]","[26.0, 24.4, 23.0]","[78.0, 65.5, 49.0]","[9.0, 3.3, 0.0]"
9,"[36.0, 31.9, 27.0]","[26.0, 25.1, 24.0]","[84.0, 68.0, 49.0]","[7.0, 5.4, 0.0]"
10,"[36.0, 31.6, 29.0]","[27.0, 26.3, 26.0]","[86.0, 74.3, 58.0]","[11.0, 7.9, 4.0]"
11,"[36.0, 32.1, 28.0]","[27.0, 25.6, 24.0]","[86.0, 69.0, 52.0]","[11.0, 6.6, 0.0]"
12,"[37.0, 31.4, 26.0]","[26.0, 24.6, 24.0]","[98.0, 69.4, 50.0]","[13.0, 7.3, 4.0]"
13,"[34.0, 30.0, 26.0]","[26.0, 24.5, 24.0]","[98.0, 74.8, 57.0]","[17.0, 9.5, 7.0]"
14,"[32.0, 28.1, 26.0]","[26.0, 24.9, 24.0]","[96.0, 83.3, 65.0]","[15.0, 9.3, 0.0]"
15,"[30.0, 26.4, 24.0]","[27.0, 24.8, 24.0]","[96.0, 90.8, 82.0]","[15.0, 8.9, 0.0]"
16,"[25.0, 24.6, 24.0]","[25.0, 24.5, 24.0]","[100.0, 98.9, 95.0]","[17.0, 4.9, 0.0]"
17,"[33.0, 28.6, 24.0]","[26.0, 24.8, 24.0]","[100.0, 81.0, 64.0]","[11.0, 4.8, 0.0]"
18,"[33.0, 29.0, 25.0]","[26.0, 24.4, 23.0]","[96.0, 78.1, 56.0]","[7.0, 2.3, 0.0]"
19,"[33.0, 28.4, 26.0]","[26.0, 25.1, 24.0]","[95.0, 83.4, 69.0]","[6.0, 2.3, 0.0]"
20,"[33.0, 28.4, 26.0]","[26.0, 25.0, 24.0]","[94.0, 82.9, 61.0]","[7.0, 4.1, 0.0]"
21,"[32.0, 26.8, 24.0]","[26.0, 24.4, 23.0]","[98.0, 88.9, 69.0]","[6.0, 3.5, 0.0]"
22,"[28.0, 25.3, 24.0]","[25.0, 24.8, 24.0]","[100.0, 97.0, 87.0]","[15.0, 6.0, 0.0]"
23,"[27.0, 24.6, 24.0]","[26.0, 24.5, 24.0]","[100.0, 98.9, 95.0]","[7.0, 4.3, 0.0]"
24,"[26.0, 25.0, 24.0]","[26.0, 24.8, 24.0]","[100.0, 99.0, 98.0]","[13.0, 8.5, 4.0]"
25,"[30.0, 27.1, 24.0]","[25.0, 24.3, 23.0]","[98.0, 83.8, 66.0]","[11.0, 5.6, 0.0]"
26,"[32.0, 27.6, 24.0]","[25.0, 24.3, 24.0]","[98.0, 84.6, 62.0]","[7.0, 2.5, 0.0]"
27,"[33.0, 28.8, 24.0]","[24.0, 23.8, 23.0]","[96.0, 76.5, 55.0]","[11.0, 4.0, 0.0]"
28,"[33.0, 29.1, 26.0]","[24.0, 23.6, 23.0]","[89.0, 73.1, 53.0]","[9.0, 3.8, 0.0]"
29,"[33.0, 28.3, 24.0]","[24.0, 23.0, 22.0]","[93.0, 74.5, 51.0]","[11.0, 3.6, 0.0]"
30,"[33.0, 28.7, 24.0]","[25.0, 23.7, 23.0]","[93.0, 77.0, 55.0]","[11.0, 4.4, 0.0]"
 Oct ,"[[' Max ', ' Avg ', ' Min ']]","[[' Max ', ' Avg ', ' Min ']]","[[' Max ', ' Avg ', ' Min ']]","[[' Max ', ' Avg ', ' Min ']]"
1,"[33.0, 28.5, 25.0]","[24.0, 23.0, 21.0]","[95.0, 76.0, 50.0]","[11.0, 3.9, 0.0]"
2,"[35.0, 29.0, 24.0]","[23.0, 22.0, 19.0]","[93.0, 67.4, 40.0]","[9.0, 4.0, 0.0]"
3,"[34.0, 29.0, 24.0]","[22.0, 21.0, 19.0]","[86.0, 63.3, 42.0]","[22.0, 8.1, 0.0]"
4,"[34.0, 28.5, 23.0]","[24.0, 22.9, 21.0]","[91.0, 72.9, 52.0]","[11.0, 3.3, 0.0]"
5,"[33.0, 28.5, 25.0]","[24.0, 22.9, 22.0]","[93.0, 73.5, 57.0]","[9.0, 3.9, 0.0]"
6,"[30.0, 26.3, 24.0]","[23.0, 22.4, 22.0]","[88.0, 79.3, 67.0]","[13.0, 7.5, 0.0]"
7,"[26.0, 24.5, 23.0]","[24.0, 23.0, 22.0]","[98.0, 91.1, 81.0]","[9.0, 8.0, 7.0]"
8,"[23.0, 22.1, 21.0]","[23.0, 22.1, 21.0]","[100.0, 100.0, 100.0]","[15.0, 9.4, 6.0]"
9,"[24.0, 22.1, 21.0]","[24.0, 22.1, 21.0]","[100.0, 99.5, 98.0]","[13.0, 9.6, 6.0]"
10,"[23.0, 21.9, 20.0]","[23.0, 21.8, 20.0]","[100.0, 98.4, 96.0]","[11.0, 4.9, 0.0]"
11,"[28.0, 24.6, 21.0]","[24.0, 23.0, 21.0]","[100.0, 90.8, 77.0]","[0.0, 0.0, 0.0]"
12,"[29.0, 24.8, 22.0]","[23.0, 21.9, 21.0]","[100.0, 85.4, 65.0]","[7.0, 3.8, 0.0]"
13,"[30.0, 24.8, 20.0]","[21.0, 20.0, 19.0]","[96.0, 76.1, 54.0]","[7.0, 3.4, 0.0]"
14,"[31.0, 25.5, 21.0]","[21.0, 19.9, 19.0]","[96.0, 72.8, 48.0]","[11.0, 4.3, 0.0]"
15,"[31.0, 25.0, 21.0]","[21.0, 17.5, 0.0]","[91.0, 64.3, 0.0]","[7.0, 1.4, 0.0]"
16,"[31.0, 24.5, 21.0]","[21.0, 19.5, 18.0]","[95.0, 77.6, 46.0]","[7.0, 1.6, 0.0]"
17,"[32.0, 25.3, 19.0]","[22.0, 19.3, 17.0]","[96.0, 73.8, 42.0]","[11.0, 2.6, 0.0]"
18,"[32.0, 25.4, 20.0]","[21.0, 18.6, 16.0]","[98.0, 71.3, 39.0]","[7.0, 2.4, 0.0]"
19,"[33.0, 25.5, 18.0]","[20.0, 18.0, 16.0]","[92.0, 68.3, 36.0]","[6.0, 0.8, 0.0]"
20,"[33.0, 24.3, 18.0]","[21.0, 18.4, 15.0]","[95.0, 73.1, 38.0]","[4.0, 0.5, 0.0]"
21,"[32.0, 25.5, 19.0]","[21.0, 18.3, 13.0]","[94.0, 68.0, 31.0]","[7.0, 1.8, 0.0]"
22,"[31.0, 24.6, 20.0]","[19.0, 17.3, 15.0]","[91.0, 67.5, 40.0]","[11.0, 4.0, 0.0]"
23,"[30.0, 23.3, 17.0]","[19.0, 16.6, 14.0]","[90.0, 69.8, 42.0]","[6.0, 0.8, 0.0]"
24,"[31.0, 22.5, 17.0]","[18.0, 16.4, 14.0]","[91.0, 70.0, 36.0]","[7.0, 2.5, 0.0]"
25,"[30.0, 22.9, 16.0]","[18.0, 15.4, 12.0]","[91.0, 65.9, 36.0]","[15.0, 5.9, 0.0]"
26,"[31.0, 22.9, 17.0]","[19.0, 17.1, 14.0]","[94.0, 74.1, 36.0]","[7.0, 2.3, 0.0]"
27,"[31.0, 23.1, 17.0]","[19.0, 16.5, 14.0]","[96.0, 71.6, 38.0]","[7.0, 1.8, 0.0]"
28,"[30.0, 22.4, 17.0]","[21.0, 18.1, 16.0]","[98.0, 78.4, 48.0]","[6.0, 0.8, 0.0]"
29,"[31.0, 22.9, 17.0]","[19.0, 17.9, 16.0]","[98.0, 76.5, 41.0]","[11.0, 2.3, 0.0]"
30,"[30.0, 22.4, 17.0]","[21.0, 16.8, 12.0]","[96.0, 73.8, 43.0]","[7.0, 2.5, 0.0]"
31,"[30.0, 22.9, 17.0]","[21.0, 17.9, 16.0]","[96.0, 75.4, 43.0]","[7.0, 1.9, 0.0]"
 Nov ,"[[' Max ', ' Avg ', ' Min ']]","[[' Max ', ' Avg ', ' Min ']]","[[' Max ', ' Avg ', ' Min ']]","[[' Max ', ' Avg ', ' Min ']]"
1,"[32.0, 23.0, 17.0]","[20.0, 18.1, 17.0]","[96.0, 78.0, 39.0]","[7.0, 1.4, 0.0]"
2,"[30.0, 23.3, 18.0]","[21.0, 18.0, 16.0]","[96.0, 75.6, 46.0]","[9.0, 2.5, 0.0]"
3,"[31.0, 22.5, 17.0]","[21.0, 18.0, 17.0]","[98.0, 78.6, 46.0]","[9.0, 2.0, 0.0]"
4,"[30.0, 23.0, 18.0]","[22.0, 18.6, 17.0]","[96.0, 79.8, 52.0]","[4.0, 1.0, 0.0]"
5,"[30.0, 23.5, 18.0]","[23.0, 20.3, 18.0]","[98.0, 83.1, 58.0]","[7.0, 3.8, 0.0]"
6,"[31.0, 24.4, 19.0]","[22.0, 20.0, 18.0]","[94.0, 77.4, 53.0]","[11.0, 2.8, 0.0]"
7,"[32.0, 24.4, 19.0]","[19.0, 18.5, 16.0]","[96.0, 73.5, 38.0]","[7.0, 1.6, 0.0]"
8,"[27.0, 23.0, 19.0]","[21.0, 18.1, 16.0]","[94.0, 75.3, 49.0]","[7.0, 1.6, 0.0]"
9,"[29.0, 22.4, 18.0]","[18.0, 17.3, 16.0]","[94.0, 74.4, 45.0]","[7.0, 1.6, 0.0]"
10,"[28.0, 22.9, 18.0]","[18.0, 17.8, 17.0]","[90.0, 73.3, 49.0]","[9.0, 2.0, 0.0]"
11,"[28.0, 21.1, 17.0]","[17.0, 14.3, 12.0]","[94.0, 68.4, 39.0]","[19.0, 4.5, 0.0]"
12,"[27.0, 19.8, 14.0]","[14.0, 12.4, 11.0]","[93.0, 67.1, 38.0]","[15.0, 4.4, 0.0]"
13,"[27.0, 19.3, 14.0]","[14.0, 13.1, 11.0]","[91.0, 72.6, 37.0]","[11.0, 3.9, 0.0]"
14,"[30.0, 22.4, 16.0]","[18.0, 15.5, 12.0]","[91.0, 69.3, 34.0]","[9.0, 2.5, 0.0]"
15,"[29.0, 21.0, 16.0]","[16.0, 15.3, 13.0]","[91.0, 73.1, 39.0]","[6.0, 1.3, 0.0]"
16,"[27.0, 19.3, 14.0]","[14.0, 10.9, 7.0]","[93.0, 64.1, 30.0]","[96.0, 14.0, 0.0]"
17,"[25.0, 17.5, 13.0]","[12.0, 11.5, 10.0]","[91.0, 69.6, 41.0]","[15.0, 4.1, 0.0]"
18,"[25.0, 17.5, 11.0]","[13.0, 11.0, 9.0]","[92.0, 68.0, 36.0]","[6.0, 2.8, 0.0]"
19,"[26.0, 17.4, 12.0]","[13.0, 11.0, 9.0]","[91.0, 71.1, 36.0]","[6.0, 2.0, 0.0]"
20,"[26.0, 17.3, 11.0]","[13.0, 10.9, 9.0]","[91.0, 69.8, 36.0]","[7.0, 2.4, 0.0]"
21,"[26.0, 16.9, 11.0]","[14.0, 11.1, 9.0]","[92.0, 71.9, 36.0]","[15.0, 3.0, 0.0]"
22,"[26.0, 18.3, 13.0]","[12.0, 10.4, 8.0]","[84.0, 63.0, 33.0]","[11.0, 5.8, 0.0]"
23,"[26.0, 16.9, 11.0]","[10.0, 8.9, 7.0]","[90.0, 64.9, 29.0]","[13.0, 5.9, 0.0]"
24,"[26.0, 16.9, 10.0]","[12.0, 9.6, 7.0]","[91.0, 68.1, 33.0]","[7.0, 1.8, 0.0]"
25,"[27.0, 16.1, 10.0]","[13.0, 9.9, 8.0]","[95.0, 72.6, 30.0]","[7.0, 1.6, 0.0]"
26,"[26.0, 17.6, 10.0]","[14.0, 11.1, 9.0]","[95.0, 71.7, 36.0]","[11.0, 3.1, 0.0]"
27,"[27.0, 16.6, 10.0]","[13.0, 10.6, 9.0]","[97.0, 73.0, 33.0]","[7.0, 0.9, 0.0]"
28,"[26.0, 16.1, 9.0]","[12.0, 10.0, 8.0]","[95.0, 71.0, 38.0]","[7.0, 1.4, 0.0]"
29,"[25.0, 15.6, 9.0]","[16.0, 11.6, 8.0]","[97.0, 79.5, 41.0]","[6.0, 1.5, 0.0]"
30,"[26.0, 17.1, 11.0]","[16.0, 11.9, 9.0]","[97.0, 75.7, 41.0]","[11.0, 3.1, 0.0]"
 Dec ,"[[' Max ', ' Avg ', ' Min ']]","[[' Max ', ' Avg ', ' Min ']]","[[' Max ', ' Avg ', ' Min ']]","[[' Max ', ' Avg ', ' Min ']]"
1,"[25.0, 16.3, 10.0]","[15.0, 11.3, 8.0]","[97.0, 76.4, 42.0]","[13.0, 3.1, 0.0]"
2,"[26.0, 16.3, 10.0]","[16.0, 11.8, 9.0]","[97.0, 77.8, 44.0]","[7.0, 2.1, 0.0]"
3,"[26.0, 16.4, 10.0]","[17.0, 12.5, 9.0]","[97.0, 81.5, 45.0]","[4.0, 0.5, 0.0]"
4,"[25.0, 16.4, 11.0]","[16.0, 12.5, 10.0]","[97.0, 80.6, 48.0]","[9.0, 1.6, 0.0]"
5,"[25.0, 15.9, 10.0]","[14.0, 9.6, 0.0]","[95.0, 63.9, 0.0]","[9.0, 1.1, 0.0]"
6,"[23.0, 15.0, 9.0]","[13.0, 10.8, 9.0]","[97.0, 76.8, 50.0]","[15.0, 6.0, 0.0]"
7,"[24.0, 16.1, 11.0]","[12.0, 10.3, 8.0]","[92.0, 71.6, 41.0]","[15.0, 8.3, 4.0]"
8,"[24.0, 17.0, 11.0]","[12.0, 10.5, 8.0]","[92.0, 68.9, 39.0]","[11.0, 3.9, 0.0]"
9,"[26.0, 16.5, 10.0]","[14.0, 10.6, 8.0]","[95.0, 73.0, 33.0]","[13.0, 2.9, 0.0]"
10,"[26.0, 16.5, 10.0]","[13.0, 11.5, 9.0]","[97.0, 76.9, 39.0]","[7.0, 1.4, 0.0]"
11,"[27.0, 16.4, 10.0]","[14.0, 11.5, 10.0]","[97.0, 76.8, 41.0]","[7.0, 2.9, 0.0]"
12,"[26.0, 16.8, 10.0]","[14.0, 10.4, 9.0]","[95.0, 72.0, 35.0]","[9.0, 3.5, 0.0]"
13,"[26.0, 17.3, 9.0]","[11.0, 8.9, 7.0]","[95.0, 63.1, 31.0]","[15.0, 8.3, 6.0]"
14,"[23.0, 15.5, 10.0]","[10.0, 8.1, 4.0]","[92.0, 66.9, 29.0]","[15.0, 5.8, 0.0]"
15,"[23.0, 13.6, 8.0]","[10.0, 7.8, 6.0]","[89.0, 70.4, 36.0]","[11.0, 4.8, 0.0]"
16,"[23.0, 14.3, 8.0]","[11.0, 8.5, 7.0]","[92.0, 71.1, 37.0]","[11.0, 4.3, 0.0]"
17,"[23.0, 14.1, 8.0]","[10.0, 8.1, 7.0]","[92.0, 70.6, 36.0]","[9.0, 3.0, 0.0]"
18,"[23.0, 14.0, 8.0]","[14.0, 10.4, 7.0]","[97.0, 79.8, 56.0]","[11.0, 2.3, 0.0]"
19,"[22.0, 13.0, 8.0]","[12.0, 9.4, 8.0]","[97.0, 81.5, 49.0]","[6.0, 2.8, 0.0]"
20,"[23.0, 13.9, 9.0]","[12.0, 9.5, 7.0]","[100.0, 79.0, 35.0]","[11.0, 3.5, 0.0]"
21,"[20.0, 13.3, 8.0]","[11.0, 9.4, 8.0]","[97.0, 80.3, 54.0]","[4.0, 0.5, 0.0]"
22,"[19.0, 12.8, 9.0]","[11.0, 9.3, 9.0]","[100.0, 81.8, 53.0]","[7.0, 3.1, 0.0]"
23,"[19.0, 12.1, 8.0]","[11.0, 8.6, 8.0]","[100.0, 82.1, 50.0]","[6.0, 0.8, 0.0]"
24,"[19.0, 11.9, 8.0]","[9.0, 7.6, 6.0]","[100.0, 77.9, 44.0]","[9.0, 5.5, 0.0]"
25,"[16.0, 10.1, 7.0]","[9.0, 7.5, 6.0]","[100.0, 86.0, 59.0]","[15.0, 6.0, 0.0]"
26,"[15.0, 9.8, 7.0]","[11.0, 8.4, 7.0]","[100.0, 90.8, 72.0]","[7.0, 2.5, 0.0]"
27,"[17.0, 11.1, 7.0]","[9.0, 7.9, 7.0]","[100.0, 81.6, 57.0]","[15.0, 8.8, 0.0]"
28,"[21.0, 13.8, 8.0]","[10.0, 7.8, 6.0]","[92.0, 70.1, 37.0]","[19.0, 7.0, 0.0]"
29,"[23.0, 15.1, 9.0]","[13.0, 9.6, 6.0]","[97.0, 71.8, 36.0]","[7.0, 3.6, 0.0]"
30,"[22.0, 15.4, 11.0]","[13.0, 10.9, 9.0]","[95.0, 77.4, 51.0]","[9.0, 3.9, 0.0]"
31,"[19.0, 13.9, 9.0]","[12.0, 10.4, 8.0]","[97.0, 81.0, 61.0]","[19.0, 7.7, 0.0]"
